month,place,,W΍,2020N,ς̒,W΍Ƃ̔,
1,؎s,226.5,14.38749456993816,225.0,-1.5,-0.10425720702853737,-30.27498913987631
2,؎s,198.75,12.711543310445563,207.0,8.25,0.6490163938804078,-17.173086620891127
3,؎s,206.75,6.849574196011505,215.0,8.25,1.2044544323359487,-5.449148392023005
4,؎s,182.0,25.179356624028344,191.0,9.0,0.3574356618552919,-41.35871324805669
5,؎s,180.75,11.615363389350618,174.0,-6.75,-0.5811268897698579,-29.98072677870124
6,؎s,163.0,14.719601443879744,173.0,10.0,0.6793662204867574,-19.43920288775948
7,؎s,185.0,9.486832980505138,194.0,9.0,0.9486832980505138,-9.973665961010283
8,؎s,176.75,10.781929326423912,,,,
9,؎s,156.25,12.419742348374221,,,,
10,؎s,184.5,7.852812659593164,,,,
11,؎s,191.75,15.96610994158147,,,,
12,؎s,203.4,24.460171708309815,,,,
