month,place,,W΍,2020N,ς̒,W΍Ƃ̔,
1,as,159.25,14.974979131871937,139.0,-20.25,-1.35225564067071,-50.199958263743866
2,as,142.25,12.553220038433698,121.0,-21.25,-1.6927927603387587,-46.356440076867386
3,as,127.75,7.58836829188814,142.0,14.25,1.8778740635497424,-0.9267365837762895
4,as,131.0,10.64581294844754,151.0,20.0,1.8786728732554487,-1.2916258968950842
5,as,137.25,9.673847907287634,131.0,-6.25,-0.6460717658473487,-25.597695814575275
6,as,113.25,9.844626283748239,130.0,16.75,1.7014358409573482,-2.9392525674964816
7,as,120.5,17.09775813764288,141.0,20.5,1.1989876003022089,-13.695516275285769
8,as,134.0,12.355835328567093,,,,
9,as,122.5,14.38749456993816,,,,
10,as,128.0,4.96655480858378,,,,
11,as,140.0,14.944341180973263,,,,
12,as,129.2,8.87130204648675,,,,
