month,place,,W΍,2020N,ς̒,W΍Ƃ̔,
1,Ύs,272.5263157894737,53.3535049572947,336.0,63.4736842105263,1.189681620004759,-43.23332570406308
2,Ύs,239.94736842105263,43.6558175889162,289.0,49.05263157894737,1.1236218741989927,-38.259003598885045
3,Ύs,246.68421052631578,38.54874638627327,286.0,39.31578947368422,1.0198980034194856,-37.78170329886234
4,Ύs,222.52631578947367,34.51628990789491,271.0,48.47368421052633,1.4043712212371628,-20.5588956052635
5,Ύs,219.42105263157896,48.62020132216841,270.0,50.57894736842104,1.0402866708279042,-46.661455275915785
6,Ύs,209.05263157894737,36.84121135089303,224.0,14.94736842105263,0.4057241299339172,-58.735054280733436
7,Ύs,208.57894736842104,34.02828201082427,235.0,26.42105263157896,0.77644391871369,-41.63551139006961
8,Ύs,212.6315789473684,37.36488328529846,,,,
9,Ύs,204.89473684210526,36.11385504644706,,,,
10,Ύs,216.31578947368422,38.64518459520747,,,,
11,Ύs,236.8421052631579,41.483950253742364,,,,
12,Ύs,254.31578947368422,39.983402989489065,,,,
