month,place,,W΍,2020N,ς̒,W΍Ƃ̔,,95%ԏ
1,Ύs,53.0,10.656244908763854,68.0,15.0,1.4076253059521724,-6.312489817527705,74.3124898175277
2,Ύs,45.526315789473685,9.529885280017405,55.0,9.473684210526315,0.994102649943863,-9.586086349508491,64.58608634950849
3,Ύs,47.8421052631579,7.904029618525371,50.0,2.1578947368421026,0.2730119750290984,-13.65016450020864,63.65016450020864
4,Ύs,39.78947368421053,9.126146487296943,73.0,33.21052631578947,3.6390525137873433,14.958233341195587,58.04176665880441
5,Ύs,41.36842105263158,10.93521592692257,42.0,0.6315789473684177,0.05775642214923862,-21.238852906476723,63.23885290647672
6,Ύs,38.31578947368421,6.236564506369293,58.0,19.684210526315788,3.1562586270393984,7.211081513577199,50.7889184864228
7,Ύs,39.63157894736842,10.955518783374227,43.0,3.3684210526315823,0.3074633998842117,-18.542616514116872,61.54261651411687
8,Ύs,40.10526315789474,8.164249552790134,,,,,56.433762263475
9,Ύs,38.89473684210526,7.86620575515643,,,,,54.62714835241812
10,Ύs,40.26315789473684,8.372190110805057,,,,,57.00753811634696
11,Ύs,45.31578947368421,7.055751252063394,,,,,59.427291977811
12,Ύs,47.421052631578945,8.362055764474855,,,,,64.14516416052865
