month,place,,W΍,2020N,ς̒,W΍Ƃ̔,
1,s,68.5,6.8068592855540455,63.0,-5.5,-0.8080084763427464,-19.113718571108095
2,s,65.25,5.909032633745278,70.0,4.75,0.8038540814402886,-7.068065267490553
3,s,62.0,5.773502691896258,54.0,-8.0,-1.3856406460551016,-19.54700538379251
4,s,46.75,11.528949070347508,47.0,0.25,0.021684543705982773,-22.807898140695016
5,s,55.25,8.616843969807043,51.0,-4.25,-0.49322002520781055,-21.483687939614086
6,s,51.75,10.53169818531972,43.0,-8.75,-0.8308251761521942,-29.81339637063944
7,s,53.0,6.27162924074226,49.0,-4.0,-0.6377928041432807,-16.543258481484514
8,s,54.75,7.544313531837517,,,,
9,s,54.0,6.164414002968976,,,,
10,s,55.75,6.701989754294367,,,,
11,s,52.75,7.274384280931732,,,,
12,s,54.25,5.678908345800274,,,,
